<?xml version="1.0" encoding="UTF-8"?>
<beans xmlns="http://www.springframework.org/schema/beans"
	xmlns:xsi="http://www.w3.org/2001/XMLSchema-instance" 
	xmlns:tx="http://www.springframework.org/schema/tx"
	xmlns:context="http://www.springframework.org/schema/context"
	xmlns:mvc="http://www.springframework.org/schema/mvc"
	xmlns:aop="http://www.springframework.org/schema/aop"
	xmlns:jpa="http://www.springframework.org/schema/data/jpa"
	xsi:schemaLocation="http://www.springframework.org/schema/beans 
	http://www.springframework.org/schema/beans/spring-beans-4.0.xsd 
	http://www.springframework.org/schema/tx 
	http://www.springframework.org/schema/tx/spring-tx-4.0.xsd
	http://www.springframework.org/schema/context
    http://www.springframework.org/schema/context/spring-context-4.0.xsd
	http://www.springframework.org/schema/mvc
    http://www.springframework.org/schema/mvc/spring-mvc-4.0.xsd
    http://www.springframework.org/schema/aop
    http://www.springframework.org/schema/aop/spring-aop-4.0.xsd
    http://www.springframework.org/schema/data/jpa
    http://www.springframework.org/schema/data/jpa/spring-jpa.xsd">
	
	<!-- 静态资源 -->
	<mvc:resources location="/js/" mapping="/js/**" />
	<mvc:resources location="/css/" mapping="/css/**" />
	<mvc:resources location="/fonts/" mapping="/fonts/**" />
	<mvc:resources location="/images/" mapping="/images/**" />
	<mvc:resources location="/uploads/" mapping="/uploads/**" />
	<!-- 拦截器 -->
	<mvc:interceptors>
		<mvc:interceptor>
			<mvc:mapping path="/admin/**" />
			<bean class="com.xushi.web.interceptor.AdminInterceptor">
				<property name="excludes">
					<set>
						<value>/admin/login</value>
						<value>/admin/ajax_login</value>
					</set>
				</property>
			</bean>
		</mvc:interceptor>
	</mvc:interceptors>
	<mvc:interceptors>
		<mvc:interceptor>
			<mvc:mapping path="/video/**" />
			<bean class="com.xushi.web.interceptor.VideoInterceptor">
				<property name="excludes">
					<set>
						<value>/video/login</value>
						<value>/video/ajax_login</value>
						<value>/video/reg</value>
						<value>/video/ajax_reg</value>
						<value>/video/forgetpwd</value>
						<value>/video/index</value>
						<value>/video/play</value>
						<value>/video/pay/pay_</value>
					</set>
				</property>
			</bean>
		</mvc:interceptor>
	</mvc:interceptors>
 </beans>
