{
   "item" : [
   {
         "code" : "01",
         "item" : [
            {
               "code" : "0101",
               "icon" : "",
               "item" : [
                  {
                     "code" : "010101",
                     "title" : "视频管理",
                     "url" : "admin/video/list"
                  }
               ],
               "title" : "视频管理"
            }
         ],
         "title" : "视频管理",
         "url" : "admin/video/list"
  	},
   	{
         "code" : "02",
         "item" : [
            {
               "code" : "0201",
               "icon" : "",
               "title": "广告设定",
               "item" : [
                  {
                     "code" : "020101",
                     "title" : "广告设定",
                     "url" : "admin/advertisement/list"
                  },
                  {
                     "code" : "020102",
                     "title" : "友情链接",
                     "url" : "admin/friend_link/list"
                  }
               ]
            }
         ],
         "title" : "广告设定",
         "url" : "admin/advertisement/list"
     },
   	 {
         "code" : "03",
         "item" : [
            {
               "code" : "0301",
               "icon" : "",
               "title": "付费设定",
               "item" : [
                  {
                     "code" : "030101",
                     "title" : "付费设定",
                     "url" : "admin/pay_config/list"
                  }
               ]
            }
         ],
         "title" : "付费设定",
         "url" : "admin/pay_config/list"
     },
   	 {
         "code" : "04",
         "item" : [
            {
               "code" : "0401",
               "icon" : "",
               "title": "图片管理",
               "item" : [
                  {
                     "code" : "040101",
                     "title" : "图片管理",
                     "url" : "admin/image/list"
                  }
               ]
            }
         ],
         "title" : "图片管理",
         "url" : "admin/image/list"
     },
   	 {
         "code" : "05",
         "item" : [
            {
               "code" : "0501",
               "icon" : "",
               "title": "订单管理",
               "item" : [
                  {
                     "code" : "050101",
                     "title" : "订单管理",
                     "url" : "admin/pay_order/list"
                  }
               ]
            }
         ],
         "title" : "订单管理",
         "url" : "admin/pay_order/list"
     }
   ]
}
